{"cameraMode":{"drawMode":0,"name":"Shaded","section":"Shading Mode"},"sceneLighting":false,"audioPlay":false,"sceneViewState":{"showFog":true,"showMaterialUpdate":false,"showSkybox":true,"showFlares":true,"showImageEffects":true,"showParticleSystems":true},"in2DMode":false,"pivot":{"x":69.15582275390625,"y":-0.9603805541992188,"z":10.448934555053711},"rotation":{"x":-0.029949510470032693,"y":-0.9648867249488831,"z":0.22731532156467439,"w":-0.12908777594566346},"size":21.271451950073243,"orthographic":false}